Id,ActivityDay,Calories
6117666160,4/21/2016,4900
5577150313,4/17/2016,4552
8877689391,4/16/2016,4547
5577150313,5/1/2016,4546
5577150313,4/30/2016,4501
8877689391,4/30/2016,4398
5577150313,4/24/2016,4392
5577150313,4/16/2016,4274
8378563200,4/21/2016,4236
8378563200,4/14/2016,4163
8378563200,4/18/2016,4157
8877689391,5/7/2016,4142
8378563200,4/19/2016,4092
8378563200,4/13/2016,4079
8378563200,4/22/2016,4044
4388161847,5/7/2016,4022
5577150313,4/14/2016,4022
5577150313,4/21/2016,4018
8877689391,5/6/2016,4015
5577150313,4/15/2016,4005
8378563200,4/25/2016,4005
4388161847,5/8/2016,3934
8877689391,4/15/2016,3934
8877689391,4/12/2016,3921
8877689391,4/23/2016,3891
4020332650,5/4/2016,3879
1644430081,4/30/2016,3846
5577150313,5/10/2016,3841
8877689391,5/11/2016,3832
8877689391,4/27/2016,3808
8877689391,4/25/2016,3802
5577150313,5/3/2016,3795
8877689391,4/14/2016,3793
8378563200,5/11/2016,3788
8378563200,4/20/2016,3787
8378563200,5/3/2016,3784
8378563200,5/5/2016,3783
8378563200,4/26/2016,3763
6775888955,4/20/2016,3727
8378563200,5/9/2016,3721
8877689391,5/9/2016,3710
4702921684,4/23/2016,3691
4702921684,5/7/2016,3683
8877689391,4/20/2016,3679
8877689391,4/19/2016,3676
8378563200,4/15/2016,3666
8877689391,4/21/2016,3659
4020332650,4/12/2016,3654
8378563200,5/6/2016,3644
8378563200,4/12/2016,3635
5577150313,4/18/2016,3625
8053475328,5/8/2016,3589
8378563200,5/10/2016,3586
5577150313,4/28/2016,3580
8053475328,4/24/2016,3577
8877689391,4/13/2016,3566
8053475328,4/23/2016,3554
8877689391,4/17/2016,3545
4388161847,4/22/2016,3544
5577150313,4/29/2016,3544
4702921684,4/24/2016,3538
8583815059,4/29/2016,3513
5577150313,4/19/2016,3501
1644430081,4/16/2016,3493
8378563200,5/2/2016,3491
8877689391,5/4/2016,3477
8877689391,4/24/2016,3455
4020332650,5/5/2016,3429
8877689391,4/22/2016,3427
4388161847,5/6/2016,3425
8053475328,4/14/2016,3411
8053475328,4/15/2016,3410
5577150313,4/12/2016,3405
1644430081,5/7/2016,3404
8053475328,4/25/2016,3403
4702921684,4/17/2016,3394
5577150313,4/25/2016,3374
8378563200,5/1/2016,3369
8378563200,4/16/2016,3363
8053475328,5/7/2016,3331
5577150313,4/22/2016,3329
1644430081,5/6/2016,3328
4702921684,4/16/2016,3328
6290855005,5/1/2016,3327
1644430081,5/3/2016,3324
4388161847,4/23/2016,3306
1644430081,4/19/2016,3300
5577150313,4/27/2016,3294
4388161847,5/3/2016,3290
4388161847,4/25/2016,3288
4702921684,5/8/2016,3287
4388161847,4/30/2016,3283
4388161847,4/18/2016,3274
8583815059,5/5/2016,3266
1644430081,4/14/2016,3226
8053475328,4/17/2016,3213
8583815059,5/3/2016,3212
1644430081,4/12/2016,3199
5577150313,4/20/2016,3192
8053475328,4/12/2016,3186
7007744171,4/29/2016,3180
4702921684,5/10/2016,3172
6290855005,4/17/2016,3171
4702921684,4/29/2016,3165
8583815059,4/30/2016,3164
4388161847,5/4/2016,3162
2022484408,4/21/2016,3158
5577150313,4/23/2016,3152
4388161847,5/2/2016,3147
4702921684,5/3/2016,3145
8583815059,4/27/2016,3142
8053475328,4/13/2016,3140
8053475328,4/18/2016,3133
1644430081,4/26/2016,3123
4702921684,4/30/2016,3115
8053475328,4/19/2016,3114
8378563200,5/4/2016,3110
1644430081,4/28/2016,3108
8053475328,4/21/2016,3103
8792009665,4/29/2016,3101
7007744171,4/20/2016,3096
8583815059,4/26/2016,3093
4388161847,4/13/2016,3092
4020332650,5/8/2016,3089
5577150313,4/26/2016,3088
4388161847,4/20/2016,3083
4388161847,4/27/2016,3074
4388161847,4/16/2016,3073
4388161847,4/21/2016,3069
4702921684,5/11/2016,3069
4388161847,4/15/2016,3066
4702921684,4/25/2016,3064
8053475328,4/28/2016,3062
4388161847,5/10/2016,3061
4702921684,4/20/2016,3061
8378563200,4/27/2016,3061
8877689391,4/28/2016,3060
7007744171,4/25/2016,3055
8877689391,5/5/2016,3052
4020332650,4/16/2016,3051
8053475328,4/20/2016,3043
4702921684,4/28/2016,3033
8053475328,5/3/2016,3023
4388161847,4/19/2016,3015
5577150313,5/2/2016,3014
4388161847,5/9/2016,3013
4702921684,4/18/2016,3013
8583815059,4/23/2016,3012
1644430081,4/17/2016,3011
1644430081,5/9/2016,3008
4702921684,5/5/2016,3006
4702921684,5/4/2016,3004
5577150313,5/5/2016,3004
4388161847,4/14/2016,2998
7086361926,4/20/2016,2997
7086361926,4/30/2016,2995
4702921684,5/9/2016,2990
1644430081,5/8/2016,2987
4702921684,4/14/2016,2984
8378563200,4/29/2016,2982
4388161847,4/29/2016,2979
7007744171,5/3/2016,2976
4020332650,5/7/2016,2975
4388161847,4/28/2016,2969
7086361926,5/9/2016,2960
4388161847,4/12/2016,2955
4388161847,5/11/2016,2954
6290855005,4/14/2016,2952
4020332650,4/15/2016,2951
8053475328,5/5/2016,2950
4702921684,4/12/2016,2947
8583815059,5/9/2016,2947
7086361926,4/19/2016,2944
8583815059,4/22/2016,2944
8583815059,5/8/2016,2940
7007744171,4/26/2016,2939
7007744171,4/12/2016,2937
7007744171,5/5/2016,2933
4388161847,4/26/2016,2929
4020332650,5/10/2016,2926
4388161847,5/1/2016,2926
8053475328,5/10/2016,2926
7086361926,5/6/2016,2924
8053475328,5/4/2016,2918
4702921684,4/27/2016,2908
8378563200,4/23/2016,2908
6290855005,4/13/2016,2905
1644430081,4/13/2016,2902
4388161847,5/5/2016,2899
4702921684,4/13/2016,2898
2022484408,4/20/2016,2897
4702921684,4/15/2016,2896
6290855005,4/15/2016,2896
8792009665,4/30/2016,2896
8583815059,5/2/2016,2894
7007744171,4/22/2016,2889
8583815059,4/24/2016,2889
4388161847,4/24/2016,2885
8378563200,4/28/2016,2884
8583815059,4/21/2016,2883
8053475328,4/16/2016,2867
6117666160,4/15/2016,2865
7086361926,4/28/2016,2862
8877689391,4/26/2016,2860
4702921684,5/2/2016,2859
4702921684,5/6/2016,2859
8053475328,5/6/2016,2859
8053475328,4/27/2016,2852
8877689391,5/8/2016,2847
7086361926,4/22/2016,2846
8053475328,4/26/2016,2846
8583815059,5/10/2016,2846
6290855005,4/30/2016,2843
6290855005,4/19/2016,2839
7007744171,4/28/2016,2836
7007744171,4/18/2016,2832
8877689391,5/10/2016,2832
7007744171,4/27/2016,2830
4020332650,5/3/2016,2828
6117666160,4/16/2016,2828
8877689391,5/3/2016,2817
4702921684,4/19/2016,2812
7007744171,4/19/2016,2812
8583815059,5/7/2016,2810
8053475328,5/11/2016,2809
1644430081,4/18/2016,2806
6290855005,5/6/2016,2806
8583815059,5/11/2016,2804
7086361926,5/10/2016,2800
1644430081,5/10/2016,2799
8378563200,5/7/2016,2799
6775888955,4/18/2016,2798
2022484408,5/10/2016,2797
6290855005,4/22/2016,2796
8053475328,4/29/2016,2794
2022484408,4/26/2016,2793
8877689391,5/1/2016,2786
4020332650,5/9/2016,2785
4702921684,4/26/2016,2784
6290855005,4/16/2016,2783
2022484408,4/17/2016,2782
7086361926,4/26/2016,2781
8792009665,4/28/2016,2780
7086361926,4/12/2016,2772
6290855005,4/25/2016,2771
2022484408,4/18/2016,2770
6290855005,4/18/2016,2766
8053475328,5/9/2016,2765
7007744171,4/21/2016,2763
8877689391,4/18/2016,2761
8583815059,4/28/2016,2757
5577150313,5/4/2016,2755
7086361926,5/2/2016,2754
7086361926,5/3/2016,2754
2022484408,5/3/2016,2752
7086361926,4/25/2016,2752
1644430081,4/15/2016,2750
8792009665,4/23/2016,2748
6290855005,4/27/2016,2743
7086361926,4/18/2016,2743
7007744171,4/13/2016,2742
8378563200,4/24/2016,2741
7086361926,5/7/2016,2739
7086361926,5/11/2016,2735
7086361926,4/14/2016,2734
2022484408,4/30/2016,2732
7086361926,5/1/2016,2730
4702921684,4/21/2016,2729
6290855005,5/2/2016,2725
6290855005,5/4/2016,2718
6290855005,5/8/2016,2712
2022484408,5/9/2016,2709
4020332650,5/6/2016,2704
6290855005,4/24/2016,2703
6290855005,4/20/2016,2701
8877689391,4/29/2016,2698
1644430081,5/1/2016,2696
7086361926,4/27/2016,2693
8583815059,4/16/2016,2693
1624580081,5/1/2016,2690
6290855005,4/28/2016,2687
8378563200,5/8/2016,2685
8583815059,5/6/2016,2683
6290855005,5/5/2016,2682
1644430081,4/23/2016,2677
6290855005,5/3/2016,2671
2347167796,4/16/2016,2670
7007744171,4/14/2016,2668
8583815059,4/19/2016,2668
7007744171,4/24/2016,2667
4558609924,5/8/2016,2666
6290855005,4/23/2016,2664
8378563200,4/30/2016,2660
7086361926,5/4/2016,2655
8053475328,4/22/2016,2655
8583815059,4/13/2016,2654
6117666160,4/23/2016,2651
8583815059,4/12/2016,2650
2022484408,5/4/2016,2649
8583815059,4/20/2016,2647
4020332650,5/11/2016,2645
5577150313,5/6/2016,2643
7007744171,5/2/2016,2642
1927972279,4/26/2016,2638
2022484408,4/22/2016,2638
6117666160,5/5/2016,2636
2347167796,4/23/2016,2629
7086361926,4/29/2016,2616
6290855005,5/7/2016,2613
2022484408,4/29/2016,2611
2022484408,5/5/2016,2609
6117666160,4/19/2016,2606
2022484408,4/13/2016,2601
8583815059,5/1/2016,2596
6775888955,4/26/2016,2584
1644430081,5/2/2016,2580
6117666160,4/27/2016,2576
4388161847,4/17/2016,2572
8378563200,4/17/2016,2572
6962181067,4/23/2016,2571
6117666160,4/29/2016,2560
6290855005,4/12/2016,2560
7007744171,5/6/2016,2553
5577150313,4/13/2016,2551
8583815059,4/25/2016,2547
2022484408,5/11/2016,2544
6117666160,4/20/2016,2536
8583815059,4/18/2016,2536
7086361926,5/8/2016,2534
4319703577,5/5/2016,2530
2022484408,4/24/2016,2529
2022484408,4/15/2016,2525
7086361926,4/13/2016,2516
8583815059,5/4/2016,2516
6775888955,4/14/2016,2507
1927972279,5/2/2016,2505
8583815059,4/15/2016,2505
1927972279,4/23/2016,2499
4445114986,5/11/2016,2499
1644430081,4/29/2016,2498
2022484408,5/6/2016,2498
1644430081,4/25/2016,2497
4445114986,4/15/2016,2496
6775888955,5/6/2016,2496
1644430081,4/27/2016,2489
2022484408,4/19/2016,2489
5577150313,5/9/2016,2489
4558609924,4/21/2016,2486
6775888955,4/25/2016,2484
2022484408,5/2/2016,2473
2022484408,4/25/2016,2470
6117666160,5/7/2016,2469
1644430081,5/5/2016,2463
2022484408,4/27/2016,2463
7086361926,4/21/2016,2463
6117666160,4/26/2016,2450
8583815059,4/14/2016,2443
8583815059,4/17/2016,2439
4445114986,4/22/2016,2432
1644430081,4/20/2016,2430
4445114986,5/8/2016,2423
4445114986,5/3/2016,2421
8792009665,4/22/2016,2419
1644430081,4/24/2016,2413
1927972279,5/1/2016,2411
6117666160,4/22/2016,2409
8053475328,4/30/2016,2408
6775888955,4/13/2016,2400
7086361926,4/15/2016,2395
2022484408,4/12/2016,2390
7086361926,5/5/2016,2386
1927972279,4/14/2016,2383
1927972279,5/6/2016,2383
7007744171,4/17/2016,2383
2022484408,5/1/2016,2380
4319703577,4/28/2016,2367
4445114986,4/30/2016,2363
4445114986,4/27/2016,2361
6117666160,5/1/2016,2361
6962181067,5/10/2016,2361
1927972279,4/28/2016,2351
2347167796,4/19/2016,2346
4319703577,5/9/2016,2345
1644430081,4/22/2016,2344
2347167796,4/12/2016,2344
1927972279,5/4/2016,2338
4445114986,5/2/2016,2336
5553957443,5/10/2016,2335
1927972279,4/24/2016,2324
4319703577,4/27/2016,2324
5553957443,4/14/2016,2324
6775888955,5/1/2016,2319
4319703577,4/25/2016,2314
2022484408,4/14/2016,2312
4057192912,4/13/2016,2306
6117666160,4/24/2016,2305
4319703577,4/14/2016,2302
8792009665,5/3/2016,2297
2022484408,4/28/2016,2296
4445114986,4/26/2016,2291
4057192912,4/12/2016,2286
5553957443,4/19/2016,2284
7007744171,4/23/2016,2284
4319703577,5/4/2016,2282
4445114986,5/9/2016,2281
6775888955,4/30/2016,2280
6117666160,4/30/2016,2275
5553957443,5/9/2016,2272
4319703577,5/2/2016,2270
4319703577,5/6/2016,2266
4558609924,5/5/2016,2262
4319703577,5/10/2016,2260
5553957443,4/15/2016,2254
6962181067,4/29/2016,2254
6117666160,5/8/2016,2250
4445114986,4/18/2016,2248
4445114986,4/24/2016,2247
4445114986,5/1/2016,2246
2873212765,4/22/2016,2241
4702921684,4/22/2016,2241
4319703577,4/26/2016,2236
4319703577,5/3/2016,2235
4319703577,5/11/2016,2232
1927972279,5/7/2016,2229
4558609924,4/25/2016,2225
6117666160,4/17/2016,2225
6775888955,4/16/2016,2225
7007744171,5/1/2016,2225
4558609924,4/26/2016,2223
4558609924,5/9/2016,2223
1644430081,5/4/2016,2222
1927972279,4/15/2016,2221
1927972279,4/12/2016,2220
4319703577,4/20/2016,2220
8253242879,4/21/2016,2218
4445114986,5/6/2016,2211
4020332650,5/2/2016,2207
4445114986,4/28/2016,2203
4319703577,4/19/2016,2200
2347167796,4/20/2016,2198
4445114986,4/29/2016,2196
1927972279,5/3/2016,2195
2347167796,4/27/2016,2194
4445114986,4/14/2016,2194
6962181067,4/25/2016,2194
8877689391,5/2/2016,2189
8792009665,4/20/2016,2188
2347167796,4/24/2016,2187
4558609924,4/28/2016,2185
6962181067,4/28/2016,2182
4445114986,5/10/2016,2181
4445114986,4/16/2016,2180
6962181067,4/21/2016,2179
2022484408,4/16/2016,2177
4319703577,4/29/2016,2175
6290855005,5/9/2016,2175
6962181067,4/20/2016,2174
4558609924,4/24/2016,2173
6962181067,4/16/2016,2173
5553957443,4/29/2016,2169
6962181067,5/2/2016,2162
1503960366,4/27/2016,2159
4319703577,5/7/2016,2158
5553957443,5/5/2016,2156
1927972279,4/13/2016,2151
4445114986,4/21/2016,2150
4445114986,4/23/2016,2149
2873212765,4/16/2016,2148
1644430081,4/21/2016,2140
4319703577,4/13/2016,2135
2347167796,4/15/2016,2133
8253242879,4/23/2016,2132
4558609924,5/11/2016,2131
1844505072,4/14/2016,2130
6775888955,4/15/2016,2127
2320127002,4/12/2016,2124
3372868164,4/21/2016,2124
4445114986,5/7/2016,2123
4558609924,4/15/2016,2121
4445114986,5/5/2016,2120
4558609924,4/17/2016,2117
4558609924,4/18/2016,2116
5553957443,5/3/2016,2116
4319703577,4/12/2016,2115
4445114986,4/12/2016,2113
8253242879,4/17/2016,2112
1927972279,4/18/2016,2111
4558609924,4/30/2016,2105
5553957443,4/22/2016,2105
6962181067,5/9/2016,2105
1927972279,4/25/2016,2100
4558609924,4/27/2016,2098
7007744171,4/15/2016,2098
2873212765,5/8/2016,2096
2347167796,4/25/2016,2095
3372868164,4/27/2016,2095
4445114986,4/13/2016,2095
2873212765,4/20/2016,2094
4558609924,4/22/2016,2094
1927972279,4/22/2016,2093
3372868164,4/13/2016,2093
5553957443,4/26/2016,2093
4319703577,4/30/2016,2092
6962181067,4/22/2016,2086
6962181067,5/4/2016,2086
4558609924,4/23/2016,2085
7007744171,4/16/2016,2076
6962181067,5/3/2016,2072
4445114986,4/25/2016,2070
4445114986,5/4/2016,2070
2022484408,4/23/2016,2069
6775888955,4/17/2016,2067
8792009665,4/27/2016,2067
8792009665,5/4/2016,2067
4558609924,5/2/2016,2066
5553957443,4/21/2016,2066
6962181067,5/5/2016,2066
3372868164,4/14/2016,2065
1927972279,4/16/2016,2064
1927972279,4/21/2016,2064
1927972279,4/30/2016,2064
1927972279,4/17/2016,2063
1927972279,4/19/2016,2063
1927972279,4/20/2016,2063
1927972279,4/27/2016,2063
1927972279,4/29/2016,2063
1927972279,5/5/2016,2063
1927972279,5/8/2016,2063
1927972279,5/9/2016,2063
1927972279,5/10/2016,2063
1927972279,5/11/2016,2063
2873212765,4/15/2016,2063
1844505072,4/21/2016,2062
6290855005,4/21/2016,2060
6290855005,4/26/2016,2060
6290855005,4/29/2016,2060
3372868164,4/26/2016,2057
6775888955,4/24/2016,2053
7007744171,4/30/2016,2051
7086361926,4/24/2016,2049
2347167796,4/21/2016,2048
6962181067,4/19/2016,2046
3372868164,4/29/2016,2044
6117666160,5/2/2016,2044
8253242879,4/12/2016,2044
8792009665,4/12/2016,2044
6962181067,4/18/2016,2039
2347167796,4/13/2016,2038
1503960366,4/19/2016,2035
6962181067,4/27/2016,2034
5553957443,4/25/2016,2033
1844505072,4/12/2016,2030
6962181067,4/17/2016,2027
5553957443,4/12/2016,2026
2873212765,4/23/2016,2021
6117666160,4/18/2016,2018
4702921684,5/1/2016,2017
2873212765,5/4/2016,2015
8792009665,5/2/2016,2015
3372868164,4/18/2016,2014
1503960366,4/25/2016,2013
6962181067,4/26/2016,2012
4020332650,4/14/2016,2011
2347167796,4/14/2016,2010
3372868164,4/25/2016,2010
8792009665,4/15/2016,2009
8253242879,4/27/2016,2008
1503960366,5/2/2016,2004
2873212765,4/13/2016,2004
2320127002,4/13/2016,2003
6962181067,4/30/2016,2002
5553957443,4/28/2016,1999
4558609924,4/16/2016,1997
5553957443,5/2/2016,1996
2022484408,5/7/2016,1995
3372868164,4/23/2016,1995
4020332650,4/18/2016,1995
6962181067,4/12/2016,1994
6775888955,4/28/2016,1993
1844505072,4/28/2016,1992
1503960366,5/3/2016,1990
4020332650,4/17/2016,1990
8053475328,5/2/2016,1988
1503960366,4/12/2016,1985
3372868164,4/19/2016,1985
4319703577,4/15/2016,1985
2873212765,4/12/2016,1982
4020332650,4/13/2016,1981
4020332650,4/19/2016,1980
4020332650,4/20/2016,1980
4020332650,4/21/2016,1980
4020332650,4/22/2016,1980
4020332650,4/23/2016,1980
4020332650,4/24/2016,1980
4020332650,4/25/2016,1980
4020332650,4/26/2016,1980
4020332650,4/27/2016,1980
4020332650,4/28/2016,1980
4020332650,4/29/2016,1980
4020332650,4/30/2016,1980
4020332650,5/1/2016,1980
8253242879,4/24/2016,1976
8378563200,5/12/2016,1976
4445114986,4/20/2016,1974
4558609924,5/7/2016,1973
2320127002,5/7/2016,1972
3372868164,4/28/2016,1972
2873212765,5/5/2016,1971
1503960366,4/26/2016,1970
2873212765,4/21/2016,1970
2873212765,4/27/2016,1966
7086361926,4/23/2016,1965
3372868164,4/17/2016,1964
8792009665,4/14/2016,1963
2873212765,5/10/2016,1962
8792009665,5/1/2016,1962
1503960366,5/5/2016,1959
2873212765,4/19/2016,1956
4445114986,4/19/2016,1954
4558609924,5/3/2016,1953
1503960366,4/23/2016,1949
1503960366,4/30/2016,1947
6962181067,5/7/2016,1947
2347167796,4/22/2016,1946
3372868164,4/30/2016,1946
4319703577,4/23/2016,1945
2347167796,4/18/2016,1944
8253242879,4/13/2016,1935
8792009665,4/13/2016,1934
4445114986,4/17/2016,1933
8253242879,4/20/2016,1931
8792009665,4/26/2016,1928
2026352035,5/5/2016,1926
2320127002,4/20/2016,1922
4558609924,4/14/2016,1922
5553957443,4/27/2016,1922
6775888955,4/22/2016,1922
1503960366,4/18/2016,1921
3372868164,4/24/2016,1921
4558609924,4/29/2016,1918
2026352035,4/23/2016,1916
5553957443,5/6/2016,1916
2873212765,5/6/2016,1910
4558609924,4/12/2016,1909
8253242879,4/25/2016,1909
3372868164,4/15/2016,1908
3372868164,4/16/2016,1908
2873212765,4/25/2016,1907
2873212765,5/3/2016,1906
2873212765,5/9/2016,1906
2320127002,4/18/2016,1905
2320127002,5/11/2016,1903
6117666160,5/4/2016,1902
2320127002,5/10/2016,1899
1503960366,4/28/2016,1898
2873212765,4/24/2016,1898
2873212765,5/7/2016,1897
1503960366,5/6/2016,1896
2873212765,4/14/2016,1893
2873212765,4/18/2016,1890
4558609924,5/10/2016,1889
4319703577,4/22/2016,1886
8053475328,5/1/2016,1886
4319703577,4/16/2016,1884
2347167796,4/17/2016,1882
2873212765,4/26/2016,1882
4319703577,4/24/2016,1880
8253242879,4/16/2016,1880
6117666160,4/28/2016,1879
2320127002,5/3/2016,1878
2873212765,5/2/2016,1878
4558609924,4/19/2016,1876
2026352035,5/9/2016,1869
3372868164,4/20/2016,1867
1503960366,4/16/2016,1863
2347167796,4/26/2016,1861
1844505072,4/13/2016,1860
1503960366,5/10/2016,1859
1844505072,4/29/2016,1856
6962181067,5/11/2016,1855
2347167796,4/28/2016,1854
8253242879,4/29/2016,1854
2022484408,5/12/2016,1853
2320127002,4/17/2016,1852
2320127002,4/22/2016,1851
6962181067,5/6/2016,1850
8877689391,5/12/2016,1849
2022484408,5/8/2016,1848
6775888955,5/3/2016,1843
4558609924,5/4/2016,1842
6775888955,4/12/2016,1841
6775888955,4/19/2016,1841
6775888955,4/21/2016,1841
6775888955,4/23/2016,1841
6775888955,4/27/2016,1841
6775888955,4/29/2016,1841
6775888955,5/2/2016,1841
6775888955,5/4/2016,1841
6775888955,5/5/2016,1841
6117666160,5/6/2016,1838
1503960366,4/29/2016,1837
2873212765,4/28/2016,1835
5553957443,4/16/2016,1831
2873212765,4/30/2016,1830
8253242879,4/18/2016,1829
1503960366,4/22/2016,1827
1844505072,4/22/2016,1827
2873212765,5/11/2016,1826
1503960366,5/7/2016,1821
2320127002,5/8/2016,1821
1503960366,5/1/2016,1820
1503960366,5/4/2016,1819
1503960366,5/9/2016,1819
5577150313,5/7/2016,1819
5577150313,5/8/2016,1819
1844505072,4/18/2016,1814
8253242879,4/26/2016,1813
2320127002,4/19/2016,1811
2320127002,4/23/2016,1804
2320127002,4/15/2016,1801
8792009665,4/24/2016,1799
1503960366,4/13/2016,1797
1844505072,4/17/2016,1793
4319703577,4/21/2016,1792
4319703577,5/8/2016,1792
1503960366,4/24/2016,1788
3372868164,4/12/2016,1788
4558609924,4/20/2016,1788
1503960366,4/20/2016,1786
1503960366,5/11/2016,1783
2320127002,5/5/2016,1780
2873212765,4/29/2016,1780
2320127002,4/30/2016,1779
1503960366,4/14/2016,1776
4057192912,4/14/2016,1776
5553957443,4/23/2016,1776
1503960366,4/21/2016,1775
1844505072,4/30/2016,1763
8253242879,4/19/2016,1763
5553957443,5/8/2016,1762
3977333714,5/2/2016,1760
6962181067,4/15/2016,1756
5553957443,5/1/2016,1747
1503960366,4/15/2016,1745
1844505072,5/3/2016,1742
2320127002,5/6/2016,1742
1503960366,5/8/2016,1740
6962181067,5/1/2016,1740
2873212765,5/1/2016,1739
2026352035,5/6/2016,1736
1503960366,4/17/2016,1728
1844505072,4/15/2016,1725
2320127002,4/24/2016,1725
2320127002,4/16/2016,1724
4558609924,4/13/2016,1722
4558609924,5/6/2016,1722
8792009665,4/16/2016,1721
8792009665,4/21/2016,1720
5553957443,4/13/2016,1718
6962181067,4/13/2016,1718
3977333714,5/3/2016,1710
6962181067,4/24/2016,1705
8253242879,4/14/2016,1705
2026352035,5/11/2016,1698
5553957443,5/4/2016,1698
2320127002,4/14/2016,1696
5553957443,5/11/2016,1693
2026352035,4/29/2016,1692
4558609924,5/1/2016,1692
2026352035,5/2/2016,1690
8792009665,4/17/2016,1688
8792009665,4/18/2016,1688
8792009665,4/19/2016,1688
8792009665,4/25/2016,1688
8792009665,5/5/2016,1688
8792009665,5/6/2016,1688
8792009665,5/7/2016,1688
8792009665,5/8/2016,1688
8792009665,5/9/2016,1688
5553957443,4/18/2016,1683
1624580081,4/27/2016,1670
3372868164,4/22/2016,1669
2026352035,4/20/2016,1667
3977333714,5/9/2016,1667
5577150313,5/11/2016,1665
6962181067,5/8/2016,1659
2026352035,5/4/2016,1658
1844505072,4/16/2016,1657
1624580081,4/30/2016,1655
3977333714,4/24/2016,1655
2320127002,4/25/2016,1654
8253242879,4/22/2016,1651
3977333714,4/30/2016,1650
2026352035,4/28/2016,1649
1844505072,4/23/2016,1645
3977333714,4/19/2016,1638
3977333714,4/23/2016,1638
7086361926,4/16/2016,1635
3977333714,5/8/2016,1633
2320127002,4/26/2016,1632
4319703577,4/18/2016,1632
8253242879,4/15/2016,1632
2320127002,5/9/2016,1630
3977333714,5/10/2016,1630
7086361926,4/17/2016,1629
3977333714,5/4/2016,1628
3977333714,4/16/2016,1625
4388161847,5/12/2016,1623
3977333714,5/5/2016,1618
1624580081,4/24/2016,1617
2320127002,5/2/2016,1613
2320127002,4/21/2016,1610
1624580081,4/18/2016,1604
2026352035,5/3/2016,1604
2026352035,4/26/2016,1595
2026352035,4/27/2016,1593
4319703577,5/1/2016,1593
3977333714,5/6/2016,1590
1844505072,5/5/2016,1589
3977333714,4/18/2016,1584
8253242879,4/28/2016,1580
2026352035,4/25/2016,1576
3977333714,5/7/2016,1574
1624580081,4/14/2016,1572
3977333714,4/25/2016,1570
5553957443,4/20/2016,1570
1624580081,4/23/2016,1562
7007744171,5/4/2016,1557
2026352035,5/8/2016,1555
1624580081,4/17/2016,1554
3977333714,4/20/2016,1554
3977333714,4/26/2016,1551
1844505072,5/4/2016,1549
3977333714,4/29/2016,1545
1844505072,5/1/2016,1541
2873212765,4/17/2016,1529
3977333714,4/17/2016,1529
4057192912,4/15/2016,1527
2026352035,4/13/2016,1521
5553957443,4/24/2016,1507
2026352035,4/30/2016,1506
8053475328,5/12/2016,1505
3977333714,5/1/2016,1501
1624580081,5/2/2016,1497
6117666160,4/25/2016,1497
6117666160,4/12/2016,1496
6117666160,4/13/2016,1496
6117666160,4/14/2016,1496
6117666160,5/3/2016,1496
3977333714,4/13/2016,1495
5553957443,5/7/2016,1494
1624580081,4/25/2016,1492
2026352035,5/7/2016,1491
2320127002,4/27/2016,1481
3977333714,4/22/2016,1481
1624580081,5/7/2016,1474
2320127002,4/28/2016,1473
1624580081,4/22/2016,1470
3977333714,4/15/2016,1468
1624580081,4/21/2016,1467
6962181067,4/14/2016,1466
4319703577,4/17/2016,1464
1624580081,4/16/2016,1463
5553957443,4/30/2016,1463
2026352035,4/12/2016,1459
4558609924,5/12/2016,1452
3977333714,4/12/2016,1450
2026352035,5/1/2016,1447
1624580081,4/20/2016,1446
2026352035,4/15/2016,1444
1624580081,4/19/2016,1435
3977333714,4/14/2016,1433
1624580081,4/12/2016,1432
2026352035,4/14/2016,1431
2873212765,5/12/2016,1431
1624580081,5/8/2016,1427
2320127002,5/4/2016,1426
2026352035,4/18/2016,1419
1624580081,4/13/2016,1411
2320127002,4/29/2016,1410
3977333714,4/28/2016,1407
1624580081,4/29/2016,1404
2320127002,5/1/2016,1403
1624580081,4/26/2016,1402
1624580081,4/28/2016,1401
2026352035,4/24/2016,1401
2026352035,4/22/2016,1399
3977333714,4/21/2016,1397
5553957443,4/17/2016,1397
1624580081,5/10/2016,1393
1927972279,5/12/2016,1383
3977333714,4/27/2016,1377
2026352035,4/16/2016,1373
1624580081,5/5/2016,1370
2026352035,4/21/2016,1370
1624580081,5/4/2016,1368
1844505072,4/19/2016,1366
2026352035,5/12/2016,1364
1624580081,5/11/2016,1359
2026352035,4/19/2016,1356
1844505072,5/6/2016,1351
1844505072,4/20/2016,1349
1844505072,4/27/2016,1348
1844505072,5/2/2016,1348
1844505072,4/24/2016,1347
1844505072,4/25/2016,1347
1844505072,4/26/2016,1347
1844505072,5/7/2016,1347
1844505072,5/8/2016,1347
1844505072,5/9/2016,1347
1844505072,5/10/2016,1347
1844505072,5/11/2016,1347
1624580081,4/15/2016,1344
1624580081,5/6/2016,1341
1624580081,5/3/2016,1334
1624580081,5/9/2016,1328
1644430081,5/11/2016,1276
6117666160,5/9/2016,1248
4702921684,5/12/2016,1240
3372868164,5/1/2016,1237
2026352035,4/17/2016,1214
4445114986,5/12/2016,1212
7086361926,5/12/2016,1199
2026352035,5/10/2016,1141
2320127002,5/12/2016,1125
4020332650,5/12/2016,1120
6775888955,5/7/2016,1032
1624580081,5/12/2016,1002
6962181067,5/12/2016,928
5553957443,5/12/2016,741
1844505072,5/12/2016,665
2347167796,4/29/2016,403
4319703577,5/12/2016,257
7007744171,5/7/2016,120